{
	"info": {
		"_postman_id": "137fe279-916b-7e05-cd82-8d8693d73374",
		"name": "MDL Demo",
		"schema": "https://schema.getpostman.com/json/collection/v2.0.0/collection.json"
	},
	"item": [
		{
			"name": "Cleanup",
			"item": [
				{
					"name": "Delete BData",
					"request": {
						"method": "DELETE",
						"header": [],
						"body": {},
						"url": {
							"raw": "http://{{base_URL}}/herd-app/rest//businessObjectData/namespaces/{{namespace}}/businessObjectDefinitionNames/{{bdef_name}}/businessObjectFormatUsages/Source/businessObjectFormatFileTypes/TXT/businessObjectFormatVersions/0/partitionValues/2018-09-20/businessObjectDataVersions/0?deleteFiles=false",
							"protocol": "http",
							"host": [
								"{{base_URL}}"
							],
							"path": [
								"herd-app",
								"rest",
								"",
								"businessObjectData",
								"namespaces",
								"{{namespace}}",
								"businessObjectDefinitionNames",
								"{{bdef_name}}",
								"businessObjectFormatUsages",
								"Source",
								"businessObjectFormatFileTypes",
								"TXT",
								"businessObjectFormatVersions",
								"0",
								"partitionValues",
								"2018-09-20",
								"businessObjectDataVersions",
								"0"
							],
							"query": [
								{
									"key": "deleteFiles",
									"value": "false"
								}
							]
						}
					},
					"response": []
				},
				{
					"name": "Delete Format",
					"request": {
						"method": "DELETE",
						"header": [],
						"body": {},
						"url": "http://{{base_URL}}/herd-app/rest/businessObjectFormats/namespaces/{{namespace}}/businessObjectDefinitionNames/{{bdef_name}}/businessObjectFormatUsages/Source/businessObjectFormatFileTypes/TXT/businessObjectFormatVersions/0"
					},
					"response": []
				},
				{
					"name": "Delete Metastore-BDSQL Registration",
					"request": {
						"method": "DELETE",
						"header": [],
						"body": {},
						"url": "http://{{base_URL}}/herd-app/rest/notificationRegistrations/businessObjectDataNotificationRegistrations/namespaces/{{namespace}}/notificationNames/METASTOR_{{namespace}}_Source_{{bdef_name}}_TXT"
					},
					"response": []
				},
				{
					"name": "Delete BDef",
					"request": {
						"method": "DELETE",
						"header": [],
						"body": {},
						"url": "http://{{base_URL}}/herd-app/rest/businessObjectDefinitions/namespaces/{{namespace}}/businessObjectDefinitionNames/{{bdef_name}}"
					},
					"response": []
				},
				{
					"name": "Delete Namespace",
					"request": {
						"method": "DELETE",
						"header": [],
						"body": {},
						"url": "http://{{base_URL}}/herd-app/rest/namespaces/{{namespace}}"
					},
					"response": []
				}
			]
		},
		{
			"name": "Create Namespace",
			"request": {
				"method": "POST",
				"header": [
					{
						"key": "Content-Type",
						"value": "application/xml"
					}
				],
				"body": {
					"mode": "raw",
					"raw": "<namespaceCreateRequest>\r\n    <namespaceCode>{{namespace}}</namespaceCode>\r\n</namespaceCreateRequest>"
				},
				"url": "http://{{base_URL}}/herd-app/rest/namespaces"
			},
			"response": []
		},
		{
			"name": "Create BO Definition",
			"request": {
				"method": "POST",
				"header": [
					{
						"key": "Content-Type",
						"value": "application/xml"
					}
				],
				"body": {
					"mode": "raw",
					"raw": "<businessObjectDefinitionCreateRequest>\r\n    <namespace>{{namespace}}</namespace>\r\n    <businessObjectDefinitionName>{{bdef_name}}</businessObjectDefinitionName>\r\n    <dataProviderName>EXCHANGE</dataProviderName>\r\n</businessObjectDefinitionCreateRequest>"
				},
				"url": "http://{{base_URL}}/herd-app/rest/businessObjectDefinitions"
			},
			"response": []
		},
		{
			"name": "Create BO Format",
			"request": {
				"method": "POST",
				"header": [
					{
						"key": "Content-Type",
						"value": "application/xml"
					}
				],
				"body": {
					"mode": "raw",
					"raw": "<businessObjectFormatCreateRequest>\r\n    <namespace>{{namespace}}</namespace>\r\n    <businessObjectDefinitionName>{{bdef_name}}</businessObjectDefinitionName>\r\n    <businessObjectFormatUsage>Source</businessObjectFormatUsage>\r\n    <businessObjectFormatFileType>TXT</businessObjectFormatFileType>\r\n    <partitionKey>Transaction_Date</partitionKey>\r\n    <schema>\r\n        <columns>\r\n            <column>\r\n                <name>Last_Name</name>\r\n                <type>STRING</type>\r\n                <required>true</required>\r\n                <description>Last name of the individual who made the transaction</description>\r\n            </column>\r\n            <column>\r\n                <name>Transaction_Amount</name>\r\n                <type>DECIMAL</type>\r\n                <size>10,2</size>\r\n                <required>true</required>\r\n                <description>Amount of the transaction in USD</description>\r\n                <defaultValue>0</defaultValue>\r\n            </column>\r\n        </columns>\r\n        <partitions>\r\n            <column>\r\n                <name>Transaction_Date</name>\r\n                <type>DATE</type>\r\n                <required>true</required>\r\n                <description>Date the transaction occurred</description>\r\n            </column>\r\n        </partitions>\r\n        <nullValue>\\N</nullValue>\r\n        <delimiter>|</delimiter>\r\n        <escapeCharacter>\\</escapeCharacter>\r\n    </schema>\r\n</businessObjectFormatCreateRequest>"
				},
				"url": "http://{{base_URL}}/herd-app/rest/businessObjectFormats"
			},
			"response": []
		},
		{
			"name": "Descriptive PUT",
			"request": {
				"method": "PUT",
				"header": [
					{
						"key": "Content-Type",
						"value": "application/xml"
					}
				],
				"body": {
					"mode": "raw",
					"raw": "<businessObjectDefinitionDescriptiveInformationUpdateRequest>\r\n    <description>{{bdef_name}} is *super-important* data with information including X, Y, Z. But before you use it you need to know A, B, C.</description>\r\n    <displayName>{{bdef_name}} Friendly Name</displayName>\r\n    <descriptiveBusinessObjectFormat>\r\n        <businessObjectFormatUsage>Source</businessObjectFormatUsage>\r\n        <businessObjectFormatFileType>TXT</businessObjectFormatFileType>\r\n    </descriptiveBusinessObjectFormat>\r\n</businessObjectDefinitionDescriptiveInformationUpdateRequest>"
				},
				"url": "http://{{base_URL}}/herd-app/rest/businessObjectDefinitionDescriptiveInformation/namespaces/{{namespace}}/businessObjectDefinitionNames/{{bdef_name}}"
			},
			"response": []
		},
		{
			"name": "Register for Metastore-BDSQL",
			"request": {
				"method": "POST",
				"header": [
					{
						"key": "Content-Type",
						"value": "application/xml"
					}
				],
				"body": {
					"mode": "raw",
					"raw": "<businessObjectDataNotificationRegistrationCreateRequest>\r\n    <businessObjectDataNotificationRegistrationKey>\r\n        <namespace>{{namespace}}</namespace>\r\n        <notificationName>METASTOR_{{namespace}}_Source_{{bdef_name}}_TXT</notificationName>\r\n    </businessObjectDataNotificationRegistrationKey>\r\n    <businessObjectDataEventType>BUS_OBJCT_DATA_STTS_CHG</businessObjectDataEventType>\r\n    <businessObjectDataNotificationFilter>\r\n        <namespace>{{namespace}}</namespace>\r\n        <businessObjectDefinitionName>{{bdef_name}}</businessObjectDefinitionName>\r\n        <businessObjectFormatUsage>Source</businessObjectFormatUsage>\r\n        <businessObjectFormatFileType>TXT</businessObjectFormatFileType>\r\n        <newBusinessObjectDataStatus>VALID</newBusinessObjectDataStatus>\r\n        <storageName>S3_MANAGED</storageName>\r\n    </businessObjectDataNotificationFilter>\r\n    <jobActions>\r\n        <jobAction>\r\n            <namespace>MDL</namespace>\r\n            <jobName>addPartitionWorkflow</jobName>\r\n        </jobAction>\r\n    </jobActions>\r\n    <notificationRegistrationStatus>ENABLED</notificationRegistrationStatus>\r\n</businessObjectDataNotificationRegistrationCreateRequest>"
				},
				"url": "http://{{base_URL}}/herd-app/rest/notificationRegistrations/businessObjectDataNotificationRegistrations"
			},
			"response": []
		},
		{
			"name": "Generate DDL",
			"request": {
				"method": "POST",
				"header": [
					{
						"key": "Content-Type",
						"value": "application/xml"
					}
				],
				"body": {
					"mode": "raw",
					"raw": "<?xml version=\"1.0\" encoding=\"UTF-8\"?>\r\n<businessObjectDataDdlRequest>\r\n     <namespace>{{namespace}}</namespace>\r\n     <businessObjectDefinitionName>{{bdef_name}}</businessObjectDefinitionName>\r\n     <businessObjectFormatUsage>Source</businessObjectFormatUsage>\r\n     <businessObjectFormatFileType>TXT</businessObjectFormatFileType>\r\n     <partitionValueFilters>\r\n          <partitionValueFilter>\r\n               <partitionKey>Transaction_Date</partitionKey>\r\n               <partitionValues>\r\n                    <partitionValue>2018-09-20</partitionValue>\r\n               </partitionValues>\r\n          </partitionValueFilter>\r\n     </partitionValueFilters>\r\n     <outputFormat>HIVE_13_DDL</outputFormat>\r\n     <tableName>{{bdef_name}}</tableName>\r\n</businessObjectDataDdlRequest>\r\n\r\n"
				},
				"url": "http://{{base_URL}}/herd-app/rest/businessObjectData/generateDdl"
			},
			"response": []
		},
		{
			"name": "Current User",
			"request": {
				"method": "GET",
				"header": [],
				"body": {},
				"url": "http://{{base_URL}}/herd-app/rest/currentUser"
			},
			"response": []
		}
	],
	"event": [
		{
			"listen": "prerequest",
			"script": {
				"id": "6940ebb5-e4e1-480f-87b5-b266e404ef6f",
				"type": "text/javascript",
				"exec": [
					""
				]
			}
		},
		{
			"listen": "test",
			"script": {
				"id": "7de7a816-e6b0-432e-af5c-5af952175141",
				"type": "text/javascript",
				"exec": [
					""
				]
			}
		}
	]
}